OBJECTNUMMER;PROJECTNAAM;Clusternaam;Cluster_ID;Gebiednaam;Gebied_ID;Aantal_woningen_max;Typologie;Ingreep;HGS;WKT_LNG_LAT;WKT_LAT_LNG;LNG;LAT;
1;"Alfadriehoek";"Haven-Stad";"H";"Haven-Stad 3 - Alfadriehoek-Minervahaven noord";"H3";5205;"Gemengde stadsbuurt";"Transformatie";"Nee";"POLYGON((4.848607 52.40015,4.848905 52.400429,4.858644 52.396083,4.858297 52.395681,4.84495 52.395623,4.845225 52.396205,4.845548 52.396767,4.845906 52.397302,4.846386 52.397928,4.846875 52.3985,4.84744 52.399093,4.848011 52.399638,4.848607 52.40015))";"POLYGON((52.40015 4.848607,52.400429 4.848905,52.396083 4.858644,52.395681 4.858297,52.395623 4.84495,52.396205 4.845225,52.396767 4.845548,52.397302 4.845906,52.397928 4.846386,52.3985 4.846875,52.399093 4.84744,52.399638 4.848011,52.40015 4.848607))";4.851802;52.398019;
2;"Amstel III";"Amstel AMC";"A";"Amstel AMC 3 - Amstel III e.o.";"A3";10556;"Gemengde stadsbuurt";"Transformatie";"Nee";"POLYGON((4.958184 52.299491,4.955216 52.298506,4.955958 52.297572,4.956291 52.2977,4.957099 52.296821,4.951371 52.294808,4.939548 52.307938,4.94312 52.309118,4.947941 52.310766,4.958184 52.299491))";"POLYGON((52.299491 4.958184,52.298506 4.955216,52.297572 4.955958,52.2977 4.956291,52.296821 4.957099,52.294808 4.951371,52.307938 4.939548,52.309118 4.94312,52.310766 4.947941,52.299491 4.958184))";4.948871;52.30278;
3;"Joan Muyskenweg";"Amstel AMC";"A";"Amstel AMC 1 - A2-entree/Amstelkwartier";"A1";1500;"Gemengde stadsbuurt";"Infra aanpassing";"Deels";"POLYGON((4.912067 52.338552,4.91284 52.337407,4.912639 52.337248,4.91339 52.336124,4.913679 52.336205,4.915744 52.333207,4.915159 52.333051,4.91555 52.332493,4.916117 52.332636,4.916919 52.33159,4.914792 52.330942,4.9141 52.330777,4.912502 52.330576,4.912361 52.33182,4.912295 52.331926,4.912227 52.331967,4.912098 52.33202,4.911893 52.332043,4.91189 52.332629,4.912239 52.332791,4.912261 52.332817,4.912137 52.334084,4.911928 52.335441,4.911836 52.335787,4.911655 52.336202,4.911399 52.33661,4.911232 52.336728,4.911118 52.336761,4.910874 52.336792,4.91064 52.336787,4.910432 52.336811,4.910251 52.336871,4.909738 52.337254,4.909403 52.337622,4.909135 52.337544,4.909125 52.337477,4.909157 52.337287,4.909343 52.336709,4.909433 52.336181,4.909431 52.335692,4.909465 52.33548,4.90941 52.335195,4.908233 52.335352,4.907579 52.335787,4.90779 52.336496,4.907861 52.336987,4.908448 52.337675,4.910538 52.338563,4.911107 52.338723,4.911579 52.338778,4.911799 52.338786,4.911951 52.338701,4.912067 52.338552))";"POLYGON((52.338552 4.912067,52.337407 4.91284,52.337248 4.912639,52.336124 4.91339,52.336205 4.913679,52.333207 4.915744,52.333051 4.915159,52.332493 4.91555,52.332636 4.916117,52.33159 4.916919,52.330942 4.914792,52.330777 4.9141,52.330576 4.912502,52.33182 4.912361,52.331926 4.912295,52.331967 4.912227,52.33202 4.912098,52.332043 4.911893,52.332629 4.91189,52.332791 4.912239,52.332817 4.912261,52.334084 4.912137,52.335441 4.911928,52.335787 4.911836,52.336202 4.911655,52.33661 4.911399,52.336728 4.911232,52.336761 4.911118,52.336792 4.910874,52.336787 4.91064,52.336811 4.910432,52.336871 4.910251,52.337254 4.909738,52.337622 4.909403,52.337544 4.909135,52.337477 4.909125,52.337287 4.909157,52.336709 4.909343,52.336181 4.909433,52.335692 4.909431,52.33548 4.909465,52.335195 4.90941,52.335352 4.908233,52.335787 4.907579,52.336496 4.90779,52.336987 4.907861,52.337675 4.908448,52.338563 4.910538,52.338723 4.911107,52.338778 4.911579,52.338786 4.911799,52.338701 4.911951,52.338552 4.912067))";4.912254;52.334674;
4;"IJ-plein";"IJ-oevers";"I";"IJ-oevers 2 - Noordelijke IJ-oevers oost";"I2";550;"Gemengde stadsbuurt";"Verdichting";"Nee";"POLYGON((4.912526 52.380982,4.912503 52.381035,4.917901 52.384893,4.91835 52.385152,4.919314 52.381795,4.912526 52.380982))";"POLYGON((52.380982 4.912526,52.381035 4.912503,52.384893 4.917901,52.385152 4.91835,52.381795 4.919314,52.380982 4.912526))";4.9159135;52.38306;
5;"Bedrijventerrein Osdorp";"Ontwikkelbuurten";"B";"Ontwikkelbuurten 1 - Nieuw-West";"B1";1900;"Groen-blauw wonen";"Transformatie";"Nee";"POLYGON((4.781451 52.360098,4.781812 52.360423,4.782198 52.360694,4.78238 52.360881,4.782871 52.361208,4.783442 52.361528,4.784006 52.361791,4.784704 52.362047,4.785411 52.362274,4.786239 52.362478,4.78734 52.362693,4.788785 52.360039,4.782841 52.358846,4.782541 52.358889,4.780875 52.359552,4.781451 52.360098))";"POLYGON((52.360098 4.781451,52.360423 4.781812,52.360694 4.782198,52.360881 4.78238,52.361208 4.782871,52.361528 4.783442,52.361791 4.784006,52.362047 4.784704,52.362274 4.785411,52.362478 4.786239,52.362693 4.78734,52.360039 4.788785,52.358846 4.782841,52.358889 4.782541,52.359552 4.780875,52.360098 4.781451))";4.784835;52.3607625;
6;"Reimerswaalbuurt";"Ontwikkelbuurten";"B";"Ontwikkelbuurten 1 - Nieuw-West";"B1";380;"Groen-blauw wonen";"Verdichting";"Nee";"POLYGON((4.789292 52.360074,4.787824 52.362788,4.792034 52.363611,4.792544 52.362746,4.791262 52.362482,4.792251 52.360692,4.789292 52.360074))";"POLYGON((52.360074 4.789292,52.362788 4.787824,52.363611 4.792034,52.362746 4.792544,52.362482 4.791262,52.360692 4.792251,52.360074 4.789292))";4.790189;52.3618355;
7;"Rand Piet Wiedijkpark";"Overig";"O";"Overig";"O";550;"Groen-blauw wonen";"Groen-sportpark";"Ja";"POLYGON((4.815553 52.356568,4.816786 52.356801,4.819194 52.352321,4.818163 52.352227,4.817652 52.353263,4.817359 52.353201,4.815553 52.356568))";"POLYGON((52.356568 4.815553,52.356801 4.816786,52.352321 4.819194,52.352227 4.818163,52.353263 4.817652,52.353201 4.817359,52.356568 4.815553))";4.8173785;52.354507;
9;"Tuijnwijck";"Overig";"O";"Overig";"O";200;"Gemengde stadsbuurt";"Verdichting";"Nee";"POLYGON((4.929945 52.359053,4.930724 52.359689,4.930883 52.359764,4.931841 52.360049,4.932439 52.359328,4.932693 52.358939,4.932914 52.35854,4.93052 52.35803,4.929945 52.359053))";"POLYGON((52.359053 4.929945,52.359689 4.930724,52.359764 4.930883,52.360049 4.931841,52.359328 4.932439,52.358939 4.932693,52.35854 4.932914,52.35803 4.93052,52.359053 4.929945))";4.9314345;52.3590325;
10;"Rangeerterrein Science Park";"Overig";"O";"Overig";"O";4000;"Gemengde stadsbuurt";"Infra aanpassing";"Nee";"POLYGON((4.940766 52.357024,4.94244 52.357019,4.943821 52.356933,4.946606 52.355826,4.949512 52.354585,4.950227 52.354218,4.951269 52.354099,4.956631 52.350748,4.960277 52.349097,4.959522 52.348342,4.94923 52.35261,4.940107 52.356526,4.940766 52.357024))";"POLYGON((52.357024 4.940766,52.357019 4.94244,52.356933 4.943821,52.355826 4.946606,52.354585 4.949512,52.354218 4.950227,52.354099 4.951269,52.350748 4.956631,52.349097 4.960277,52.348342 4.959522,52.35261 4.94923,52.356526 4.940107,52.357024 4.940766))";4.950197;52.352676;
11;"Weespertrekvaart zuid";"Amstel AMC";"A";"Amstel AMC 1 - A2-entree/Amstelkwartier";"A1";1200;"Gemengde stadsbuurt";"Transformatie";"Nee";"POLYGON((4.929736 52.338705,4.933074 52.338083,4.938725 52.337093,4.938727 52.336912,4.938687 52.336626,4.9386 52.33644,4.938493 52.336291,4.938376 52.336176,4.938154 52.336019,4.937903 52.335877,4.936924 52.33545,4.936075 52.33515,4.935705 52.335551,4.935137 52.335596,4.934236 52.335562,4.928712 52.336591,4.929736 52.338705))";"POLYGON((52.338705 4.929736,52.338083 4.933074,52.337093 4.938725,52.336912 4.938727,52.336626 4.938687,52.33644 4.9386,52.336291 4.938493,52.336176 4.938376,52.336019 4.938154,52.335877 4.937903,52.33545 4.936924,52.33515 4.936075,52.335551 4.935705,52.335596 4.935137,52.335562 4.934236,52.336591 4.928712,52.338705 4.929736))";4.9337245;52.3369205;
12;"Intratuin Oost";"Overig";"O";"Overig";"O";500;"Gemengde stadsbuurt";"Transformatie";"Nee";"POLYGON((4.925386 52.349712,4.927803 52.348287,4.926894 52.347791,4.92549 52.3487,4.92472 52.34902,4.925386 52.349712))";"POLYGON((52.349712 4.925386,52.348287 4.927803,52.347791 4.926894,52.3487 4.92549,52.34902 4.92472,52.349712 4.925386))";4.9262665;52.3487445;
13;"Praxis Amsterdam Oost";"Overig";"O";"Overig";"O";350;"Gemengde stadsbuurt";"Transformatie";"Nee";"POLYGON((4.938777 52.357305,4.93892 52.357496,4.938748 52.357799,4.940028 52.358084,4.940532 52.358169,4.940841 52.358173,4.940885 52.358032,4.940899 52.357784,4.940819 52.3575,4.940632 52.357285,4.940338 52.357016,4.939643 52.357086,4.938777 52.357305))";"POLYGON((52.357305 4.938777,52.357496 4.93892,52.357799 4.938748,52.358084 4.940028,52.358169 4.940532,52.358173 4.940841,52.358032 4.940885,52.357784 4.940899,52.3575 4.940819,52.357285 4.940632,52.357016 4.940338,52.357086 4.939643,52.357305 4.938777))";4.9398285;52.3575875;
14;"Tuinpark Nieuwe levenskracht";"Overig";"O";"Overig";"O";600;"Gemengde stadsbuurt";"Groen-sportpark";"Ja";"POLYGON((4.957625 52.346747,4.953809 52.349105,4.955128 52.349852,4.959016 52.348222,4.957625 52.346747))";"POLYGON((52.346747 4.957625,52.349105 4.953809,52.349852 4.955128,52.348222 4.959016,52.346747 4.957625))";4.9564175;52.3482925;
15;"Amsteldorp";"Overig";"O";"Overig";"O";860;"Gemengde stadsbuurt";"Verdichting";"Nee";"POLYGON((4.91929 52.344628,4.919248 52.344836,4.919272 52.34499,4.919323 52.345102,4.9197 52.345292,4.921454 52.34569,4.925298 52.345716,4.925475 52.345631,4.924504 52.345053,4.924988 52.344753,4.921806 52.342854,4.921343 52.343072,4.921221 52.343071,4.921077 52.343037,4.920914 52.342962,4.920547 52.343124,4.920221 52.3433,4.920046 52.343444,4.919473 52.344078,4.91929 52.344628))";"POLYGON((52.344628 4.91929,52.344836 4.919248,52.34499 4.919272,52.345102 4.919323,52.345292 4.9197,52.34569 4.921454,52.345716 4.925298,52.345631 4.925475,52.345053 4.924504,52.344753 4.924988,52.342854 4.921806,52.343072 4.921343,52.343071 4.921221,52.343037 4.921077,52.342962 4.920914,52.343124 4.920547,52.3433 4.920221,52.343444 4.920046,52.344078 4.919473,52.344628 4.91929))";4.9223665;52.344278;
16;"Wetbuurt Oost";"Overig";"O";"Overig";"O";550;"Gemengde stadsbuurt";"Verdichting";"Nee";"POLYGON((4.930473 52.344029,4.927724 52.342367,4.925652 52.343732,4.927824 52.345034,4.927373 52.345288,4.92791 52.345626,4.930473 52.344029))";"POLYGON((52.344029 4.930473,52.342367 4.927724,52.343732 4.925652,52.345034 4.927824,52.345288 4.927373,52.345626 4.92791,52.344029 4.930473))";4.9280675;52.3439895;
17;"Bedrijventerrein Veelaan";"IJ-oevers";"I";"IJ-oevers 3 - Oostelijke Binnenstad";"I3";1200;"Gemengde stadsbuurt";"Transformatie";"Nee";"POLYGON((4.939337 52.368508,4.939291 52.367391,4.934075 52.367354,4.933965 52.368464,4.939337 52.368508))";"POLYGON((52.368508 4.939337,52.367391 4.939291,52.367354 4.934075,52.368464 4.933965,52.368508 4.939337))";4.936656;52.367924;
18;"Volkstuinen de 5 Slagen";"Overig";"O";"Overig";"O";1600;"Groen-blauw wonen";"Groen-sportpark";"Ja";"POLYGON((4.961843 52.287827,4.961574 52.288302,4.961193 52.288878,4.961524 52.289002,4.962114 52.289277,4.964292 52.290002,4.965806 52.290542,4.966834 52.289407,4.961843 52.287827))";"POLYGON((52.287827 4.961843,52.288302 4.961574,52.288878 4.961193,52.289002 4.961524,52.289277 4.962114,52.290002 4.964292,52.290542 4.965806,52.289407 4.966834,52.287827 4.961843))";4.9640185;52.2891775;
19;"Gein";"Ontwikkelbuurten";"B";"Ontwikkelbuurten 2 - Zuidoost";"B2";1000;"Gemengde stadsbuurt";"Transformatie";"Nee";"POLYGON((4.989271 52.296467,4.991294 52.296455,4.991292 52.295713,4.989261 52.295691,4.988589 52.293259,4.988395 52.293122,4.988185 52.293008,4.987823 52.292926,4.987314 52.292898,4.987334 52.295861,4.983349 52.295829,4.983346 52.29621,4.98211 52.29621,4.982178 52.296589,4.982565 52.297047,4.982598 52.298137,4.984304 52.298147,4.984298 52.298015,4.987211 52.29802,4.987211 52.298353,4.989231 52.298349,4.989271 52.296467))";"POLYGON((52.296467 4.989271,52.296455 4.991294,52.295713 4.991292,52.295691 4.989261,52.293259 4.988589,52.293122 4.988395,52.293008 4.988185,52.292926 4.987823,52.292898 4.987314,52.295861 4.987334,52.295829 4.983349,52.29621 4.983346,52.29621 4.98211,52.296589 4.982178,52.297047 4.982565,52.298137 4.982598,52.298147 4.984304,52.298015 4.984298,52.29802 4.987211,52.298353 4.987211,52.298349 4.989231,52.296467 4.989271))";4.986707;52.2956185;
20;"Holendrecht";"Ontwikkelbuurten";"B";"Ontwikkelbuurten 2 - Zuidoost";"B2";1000;"Gemengde stadsbuurt";"Verdichting";"Nee";"POLYGON((4.970792 52.30343,4.971028 52.302721,4.972294 52.302254,4.972916 52.301342,4.974233 52.300393,4.97385 52.299605,4.974454 52.299104,4.972839 52.298583,4.971566 52.298338,4.97207 52.297432,4.972711 52.297386,4.973262 52.296798,4.973126 52.296453,4.973355 52.295582,4.967299 52.294711,4.965605 52.294525,4.963955 52.294967,4.961312 52.297525,4.957264 52.30198,4.965793 52.304768,4.968496 52.305708,4.970127 52.304289,4.970792 52.30343))";"POLYGON((52.30343 4.970792,52.302721 4.971028,52.302254 4.972294,52.301342 4.972916,52.300393 4.974233,52.299605 4.97385,52.299104 4.974454,52.298583 4.972839,52.298338 4.971566,52.297432 4.97207,52.297386 4.972711,52.296798 4.973262,52.296453 4.973126,52.295582 4.973355,52.294711 4.967299,52.294525 4.965605,52.294967 4.963955,52.297525 4.961312,52.30198 4.957264,52.304768 4.965793,52.305708 4.968496,52.304289 4.970127,52.30343 4.970792))";4.965864;52.3001095;
21;"H-buurt";"Ontwikkelbuurten";"B";"Ontwikkelbuurten 2 - Zuidoost";"B2";400;"Gemengde stadsbuurt";"Verdichting";"Nee";"POLYGON((4.948745 52.311173,4.950547 52.31183,4.957469 52.313867,4.961516 52.309471,4.962364 52.309772,4.964756 52.306925,4.955513 52.303841,4.952578 52.306985,4.948745 52.311173))";"POLYGON((52.311173 4.948745,52.31183 4.950547,52.313867 4.957469,52.309471 4.961516,52.309772 4.962364,52.306925 4.964756,52.303841 4.955513,52.306985 4.952578,52.311173 4.948745))";4.9567555;52.308847;
22;"HVA Frailjemaborg";"Ontwikkelbuurten";"B";"Ontwikkelbuurten 2 - Zuidoost";"B2";420;"Gemengde stadsbuurt";"Transformatie";"Nee";"POLYGON((4.945629 52.315456,4.949286 52.316697,4.949866 52.316073,4.946235 52.314842,4.945629 52.315456))";"POLYGON((52.315456 4.945629,52.316697 4.949286,52.316073 4.949866,52.314842 4.946235,52.315456 4.945629))";4.9477525;52.3157625;
23;"Zorginstituut Nederland";"Ontwikkelbuurten";"B";"Ontwikkelbuurten 2 - Zuidoost";"B2";1400;"Groen-blauw wonen";"Groen-sportpark";"Ja";"POLYGON((4.977562 52.330568,4.980642 52.329271,4.975121 52.326694,4.973553 52.328007,4.977562 52.330568))";"POLYGON((52.330568 4.977562,52.329271 4.980642,52.326694 4.975121,52.328007 4.973553,52.330568 4.977562))";4.9771025;52.328624;
24;"Venserpolder";"Ontwikkelbuurten";"B";"Ontwikkelbuurten 2 - Zuidoost";"B2";300;"Gemengde stadsbuurt";"Verdichting";"Nee";"POLYGON((4.944549 52.316111,4.940694 52.3205,4.940471 52.32077,4.940291 52.321033,4.94015 52.32129,4.940047 52.32154,4.939939 52.322019,4.939943 52.322466,4.939979 52.322674,4.940073 52.322974,4.940298 52.323421,4.940577 52.323797,4.940917 52.324148,4.941326 52.324473,4.948585 52.32703,4.950777 52.32459,4.944555 52.322435,4.947574 52.318959,4.944901 52.318025,4.946122 52.316655,4.944549 52.316111))";"POLYGON((52.316111 4.944549,52.3205 4.940694,52.32077 4.940471,52.321033 4.940291,52.32129 4.94015,52.32154 4.940047,52.322019 4.939939,52.322466 4.939943,52.322674 4.939979,52.322974 4.940073,52.323421 4.940298,52.323797 4.940577,52.324148 4.940917,52.324473 4.941326,52.32703 4.948585,52.32459 4.950777,52.322435 4.944555,52.318959 4.947574,52.318025 4.944901,52.316655 4.946122,52.316111 4.944549))";4.945363;52.3215635;
25;"Roomtuintjes";"Overig";"O";"Overig";"O";170;"Gemengde stadsbuurt";"Verdichting";"Nee";"POLYGON((4.930011 52.364475,4.929187 52.36493,4.927085 52.365658,4.927092 52.365793,4.931125 52.365921,4.930934 52.365664,4.93083 52.365435,4.930627 52.364824,4.930592 52.364594,4.930011 52.364475))";"POLYGON((52.364475 4.930011,52.36493 4.929187,52.365658 4.927085,52.365793 4.927092,52.365921 4.931125,52.365664 4.930934,52.365435 4.93083,52.364824 4.930627,52.364594 4.930592,52.364475 4.930011))";4.92911;52.365191;
26;"Gooiseweg Zuidoost";"Overig";"O";"Overig";"O";3000;"Gemengde stadsbuurt";"Infra aanpassing";"Nee";"POLYGON((4.953042 52.328985,4.956691 52.325909,4.957843 52.325689,4.958866 52.324495,4.957541 52.323999,4.959973 52.321556,4.964343 52.317219,4.962623 52.316599,4.960192 52.319393,4.956996 52.322868,4.956311 52.322642,4.954661 52.324464,4.955158 52.325224,4.952054 52.328654,4.953042 52.328985))";"POLYGON((52.328985 4.953042,52.325909 4.956691,52.325689 4.957843,52.324495 4.958866,52.323999 4.957541,52.321556 4.959973,52.317219 4.964343,52.316599 4.962623,52.319393 4.960192,52.322868 4.956996,52.322642 4.956311,52.324464 4.954661,52.325224 4.955158,52.328654 4.952054,52.328985 4.953042))";4.9582035;52.322785;
27;"Molenwijk";"Ontwikkelbuurten";"B";"Ontwikkelbuurten 3 - Noord";"B3";150;"Groen-blauw wonen";"Verdichting";"Nee";"POLYGON((4.886199 52.417548,4.885218 52.41883,4.883787 52.420893,4.886684 52.421388,4.889024 52.421624,4.890146 52.421609,4.890359 52.421581,4.890639 52.421471,4.891409 52.420517,4.891617 52.420206,4.891879 52.420269,4.893235 52.419101,4.892935 52.418974,4.893393 52.418452,4.893708 52.418544,4.894543 52.417529,4.894513 52.416727,4.892188 52.416448,4.888551 52.41595,4.887554 52.416052,4.886933 52.416468,4.886199 52.417548))";"POLYGON((52.417548 4.886199,52.41883 4.885218,52.420893 4.883787,52.421388 4.886684,52.421624 4.889024,52.421609 4.890146,52.421581 4.890359,52.421471 4.890639,52.420517 4.891409,52.420206 4.891617,52.420269 4.891879,52.419101 4.893235,52.418974 4.892935,52.418452 4.893393,52.418544 4.893708,52.417529 4.894543,52.416727 4.894513,52.416448 4.892188,52.41595 4.888551,52.416052 4.887554,52.416468 4.886933,52.417548 4.886199))";4.88917;52.41878;
28;"Plan van Gool (Zuidwest hoek)";"Ontwikkelbuurten";"B";"Ontwikkelbuurten 3 - Noord";"B3";60;"Gemengde stadsbuurt";"Verdichting";"Nee";"POLYGON((4.930614 52.396841,4.933485 52.399117,4.93359 52.399139,4.933743 52.399128,4.934065 52.399,4.933013 52.397979,4.933826 52.397657,4.932262 52.396197,4.930614 52.396841))";"POLYGON((52.396841 4.930614,52.399117 4.933485,52.399139 4.93359,52.399128 4.933743,52.399 4.934065,52.397979 4.933013,52.397657 4.933826,52.396197 4.932262,52.396841 4.930614))";4.9323445;52.397661;
29;"Entrada";"Amstel AMC";"A";"Amstel AMC 1 - A2-entree/Amstelkwartier";"A1";500;"Gemengde stadsbuurt";"Transformatie";"Nee";"POLYGON((4.929523 52.331051,4.932248 52.331989,4.933766 52.33043,4.932676 52.330016,4.931924 52.329657,4.931031 52.329383,4.929523 52.331051))";"POLYGON((52.331051 4.929523,52.331989 4.932248,52.33043 4.933766,52.330016 4.932676,52.329657 4.931924,52.329383 4.931031,52.331051 4.929523))";4.9316495;52.330679;
30;"D-buurt";"Ontwikkelbuurten";"B";"Ontwikkelbuurten 2 - Zuidoost";"B2";500;"Gemengde stadsbuurt";"Verdichting";"Nee";"POLYGON((4.954073 52.319711,4.95492 52.318766,4.951296 52.317493,4.949711 52.319407,4.952468 52.32034,4.954073 52.319711))";"POLYGON((52.319711 4.954073,52.318766 4.95492,52.317493 4.951296,52.319407 4.949711,52.32034 4.952468,52.319711 4.954073))";4.9523205;52.3189095;
31;"Kennedylaan-Utrechtseboog";"Overig";"O";"Overig";"O";300;"Gemengde stadsbuurt";"Transformatie";"Ja";"MULTIPOLYGON(((4.904654 52.339964,4.905551 52.340064,4.906406 52.340063,4.907504 52.340167,4.90806 52.339756,4.908612 52.33927,4.907479 52.33881,4.907209 52.338679,4.906954 52.338518,4.906754 52.338338,4.906543 52.338106,4.905397 52.338434,4.905312 52.338591,4.905066 52.338784,4.904883 52.338888,4.904919 52.339177,4.904555 52.339199,4.904654 52.339964)),((4.90185 52.340101,4.902619 52.340059,4.902524 52.339276,4.901762 52.339325,4.90185 52.340101)))";"MULTIPOLYGON(((52.339964 4.904654,52.340064 4.905551,52.340063 4.906406,52.340167 4.907504,52.339756 4.90806,52.33927 4.908612,52.33881 4.907479,52.338679 4.907209,52.338518 4.906954,52.338338 4.906754,52.338106 4.906543,52.338434 4.905397,52.338591 4.905312,52.338784 4.905066,52.338888 4.904883,52.339177 4.904919,52.339199 4.904555,52.339964 4.904654)),((52.340101 4.90185,52.340059 4.902619,52.339276 4.902524,52.339325 4.901762,52.340101 4.90185)))";4.905192;52.3391295;
32;"Melkweg/Oostzanerwerf";"Haven-Stad";"H";"Haven-Stad 4 - Boven het IJ";"H4";1605;"Gemengde stadsbuurt";"Transformatie";"Nee";"POLYGON((4.879771 52.42004,4.877803 52.419504,4.877219 52.419239,4.875115 52.417623,4.874547 52.417867,4.873228 52.417072,4.872603 52.417348,4.869453 52.41865,4.870012 52.419143,4.870664 52.41965,4.871281 52.420069,4.871862 52.420406,4.872264 52.420604,4.872569 52.420728,4.874013 52.421172,4.874635 52.421402,4.875326 52.42169,4.875944 52.421982,4.876455 52.42226,4.876826 52.422505,4.877067 52.422616,4.878676 52.423109,4.880467 52.423145,4.882481 52.423475,4.883271 52.421026,4.879771 52.42004))";"POLYGON((52.42004 4.879771,52.419504 4.877803,52.419239 4.877219,52.417623 4.875115,52.417867 4.874547,52.417072 4.873228,52.417348 4.872603,52.41865 4.869453,52.419143 4.870012,52.41965 4.870664,52.420069 4.871281,52.420406 4.871862,52.420604 4.872264,52.420728 4.872569,52.421172 4.874013,52.421402 4.874635,52.42169 4.875326,52.421982 4.875944,52.42226 4.876455,52.422505 4.876826,52.422616 4.877067,52.423109 4.878676,52.423145 4.880467,52.423475 4.882481,52.421026 4.883271,52.42004 4.879771))";4.876367;52.4202665;
34;"Emplacement Dijksgracht";"IJ-oevers";"I";"IJ-oevers 3 - Oostelijke Binnenstad";"I3";100;"Gemengde stadsbuurt";"Infra aanpassing";"Nee";"POLYGON((4.932101 52.371921,4.93189 52.372162,4.931282 52.372603,4.930686 52.37295,4.930333 52.373124,4.929912 52.373277,4.928478 52.373645,4.928283 52.37365,4.926273 52.374257,4.924017 52.374982,4.923233 52.375161,4.922277 52.375323,4.922557 52.376004,4.926915 52.375356,4.928119 52.375144,4.929033 52.374939,4.929893 52.374679,4.930947 52.374249,4.931879 52.373815,4.932585 52.373349,4.93309 52.372915,4.933323 52.372674,4.932101 52.371921))";"POLYGON((52.371921 4.932101,52.372162 4.93189,52.372603 4.931282,52.37295 4.930686,52.373124 4.930333,52.373277 4.929912,52.373645 4.928478,52.37365 4.928283,52.374257 4.926273,52.374982 4.924017,52.375161 4.923233,52.375323 4.922277,52.376004 4.922557,52.375356 4.926915,52.375144 4.928119,52.374939 4.929033,52.374679 4.929893,52.374249 4.930947,52.373815 4.931879,52.373349 4.932585,52.372915 4.93309,52.372674 4.933323,52.371921 4.932101))";4.927805;52.3739555;
36;"Cornelis-Douwes 2-3 & Shipdock";"Haven-Stad";"H";"Haven-Stad 4 - Boven het IJ";"H4";9600;"Gemengde stadsbuurt";"Transformatie";"Nee";"POLYGON((4.889515 52.405962,4.887485 52.406898,4.883541 52.403779,4.883319 52.40389,4.885059 52.405294,4.884038 52.405774,4.882193 52.404308,4.881992 52.404403,4.884118 52.40609,4.883189 52.406524,4.881794 52.405906,4.880215 52.406661,4.880471 52.406859,4.87982 52.40715,4.876532 52.408708,4.879015 52.410694,4.88091 52.41217,4.891258 52.407347,4.889515 52.405962))";"POLYGON((52.405962 4.889515,52.406898 4.887485,52.403779 4.883541,52.40389 4.883319,52.405294 4.885059,52.405774 4.884038,52.404308 4.882193,52.404403 4.881992,52.40609 4.884118,52.406524 4.883189,52.405906 4.881794,52.406661 4.880215,52.406859 4.880471,52.40715 4.87982,52.408708 4.876532,52.410694 4.879015,52.41217 4.88091,52.407347 4.891258,52.405962 4.889515))";4.8839;52.4079675;
39;"Lelylaan-Noord";"Ring West";"R";"Ring West";"R";675;"Gemengde stadsbuurt";"Verdichting";"Nee";"POLYGON((4.835254 52.359187,4.83994 52.359238,4.841834 52.359221,4.841772 52.358446,4.841805 52.358332,4.841655 52.358231,4.840971 52.35813,4.83552 52.35807,4.835294 52.358095,4.835254 52.359187))";"POLYGON((52.359187 4.835254,52.359238 4.83994,52.359221 4.841834,52.358446 4.841772,52.358332 4.841805,52.358231 4.841655,52.35813 4.840971,52.35807 4.83552,52.358095 4.835294,52.359187 4.835254))";4.838549;52.358647;
40;"Amstelbusinesspark";"Amstel AMC";"A";"Amstel AMC 1 - A2-entree/Amstelkwartier";"A1";1500;"Gemengde stadsbuurt";"Transformatie";"Nee";"POLYGON((4.917927 52.331642,4.922653 52.332984,4.92335 52.33329,4.92405 52.33338,4.924986 52.333371,4.925976 52.33315,4.926549 52.332908,4.927056 52.332537,4.927371 52.332211,4.927155 52.332062,4.926841 52.33193,4.922123 52.330363,4.919704 52.329675,4.917927 52.331642))";"POLYGON((52.331642 4.917927,52.332984 4.922653,52.33329 4.92335,52.33338 4.92405,52.333371 4.924986,52.33315 4.925976,52.332908 4.926549,52.332537 4.927056,52.332211 4.927371,52.332062 4.927155,52.33193 4.926841,52.330363 4.922123,52.329675 4.919704,52.331642 4.917927))";4.922654;52.3315205;
41;"Metrostation Overamstel";"Amstel AMC";"A";"Amstel AMC 1 - A2-entree/Amstelkwartier";"A1";500;"Gemengde stadsbuurt";"Transformatie";"Nee";"POLYGON((4.913596 52.330556,4.91468 52.330742,4.9171 52.331396,4.918926 52.32945,4.917266 52.329155,4.916411 52.329106,4.915685 52.329225,4.914488 52.329855,4.913596 52.330556))";"POLYGON((52.330556 4.913596,52.330742 4.91468,52.331396 4.9171,52.32945 4.918926,52.329155 4.917266,52.329106 4.916411,52.329225 4.915685,52.329855 4.914488,52.330556 4.913596))";4.916266;52.330244;
45;"Havenstraatterrein";"Overig";"O";"Overig";"O";300;"Gemengde stadsbuurt";"Transformatie";"Nee";"POLYGON((4.851922 52.348871,4.854489 52.349509,4.854918 52.348942,4.851888 52.347042,4.851673 52.346502,4.851561 52.346437,4.851444 52.346412,4.851259 52.34643,4.850939 52.346554,4.851658 52.348153,4.851795 52.348483,4.851922 52.348871))";"POLYGON((52.348871 4.851922,52.349509 4.854489,52.348942 4.854918,52.347042 4.851888,52.346502 4.851673,52.346437 4.851561,52.346412 4.851444,52.34643 4.851259,52.346554 4.850939,52.348153 4.851658,52.348483 4.851795,52.348871 4.851922))";4.8529335;52.3479535;
46;"Gooiseweg Oost";"Overig";"O";"Overig";"O";1500;"Gemengde stadsbuurt";"Infra aanpassing";"Deels";"POLYGON((4.940329 52.3369,4.939239 52.338244,4.93754 52.339282,4.935786 52.34057,4.932355 52.342788,4.930718 52.344041,4.927102 52.346281,4.928096 52.346802,4.933397 52.343307,4.936929 52.340873,4.942659 52.33756,4.940329 52.3369))";"POLYGON((52.3369 4.940329,52.338244 4.939239,52.339282 4.93754,52.34057 4.935786,52.342788 4.932355,52.344041 4.930718,52.346281 4.927102,52.346802 4.928096,52.343307 4.933397,52.340873 4.936929,52.33756 4.942659,52.3369 4.940329))";4.9348855;52.341844;
47;"Gooiseweg Diemen";"Overig";"O";"Overig";"O";1000;"Gemengde stadsbuurt";"Infra aanpassing";"Nee";"POLYGON((4.942938 52.335834,4.941573 52.336645,4.943507 52.337044,4.94396 52.336813,4.94475 52.336921,4.945072 52.336126,4.947626 52.334933,4.948499 52.335249,4.95136 52.33288,4.953183 52.330792,4.954164 52.330857,4.95476 52.330123,4.950007 52.328531,4.94954 52.329025,4.950142 52.329312,4.947981 52.331118,4.947154 52.330814,4.946787 52.331346,4.947375 52.331673,4.945216 52.333717,4.944263 52.334446,4.943454 52.334485,4.943536 52.335017,4.942413 52.335139,4.942328 52.335544,4.943003 52.335686,4.942938 52.335834))";"POLYGON((52.335834 4.942938,52.336645 4.941573,52.337044 4.943507,52.336813 4.94396,52.336921 4.94475,52.336126 4.945072,52.334933 4.947626,52.335249 4.948499,52.33288 4.95136,52.330792 4.953183,52.330857 4.954164,52.330123 4.95476,52.328531 4.950007,52.329025 4.94954,52.329312 4.950142,52.331118 4.947981,52.330814 4.947154,52.331346 4.946787,52.331673 4.947375,52.333717 4.945216,52.334446 4.944263,52.334485 4.943454,52.335017 4.943536,52.335139 4.942413,52.335544 4.942328,52.335686 4.943003,52.335834 4.942938))";4.9481715;52.3327805;
48;"Reigerbos";"Ontwikkelbuurten";"B";"Ontwikkelbuurten 2 - Zuidoost";"B2";1200;"Groen-blauw wonen";"Transformatie";"Nee";"POLYGON((4.972023 52.297446,4.971571 52.298357,4.972823 52.298578,4.974443 52.299109,4.975272 52.297548,4.976792 52.297578,4.977254 52.296322,4.979149 52.296227,4.979054 52.294988,4.978037 52.294696,4.977851 52.293047,4.974589 52.293134,4.974358 52.294282,4.972934 52.294372,4.972112 52.295037,4.972729 52.295144,4.973479 52.295195,4.973145 52.29644,4.973293 52.296823,4.972797 52.297437,4.972023 52.297446))";"POLYGON((52.297446 4.972023,52.298357 4.971571,52.298578 4.972823,52.299109 4.974443,52.297548 4.975272,52.297578 4.976792,52.296322 4.977254,52.296227 4.979149,52.294988 4.979054,52.294696 4.978037,52.293047 4.977851,52.293134 4.974589,52.294282 4.974358,52.294372 4.972934,52.295037 4.972112,52.295144 4.972729,52.295195 4.973479,52.29644 4.973145,52.296823 4.973293,52.297437 4.972797,52.297446 4.972023))";4.975365;52.296071;
51;"Anderlechtlaan";"Kerncorridor";"K";"Kerncorridor 2 - Anderlechtlaan e.o.";"K2";100;"Groen-blauw wonen";"Groen-sportpark";"Ja";"POLYGON((4.809378 52.337681,4.806862 52.339262,4.806829 52.340666,4.807662 52.340651,4.809762 52.34123,4.812185 52.341323,4.813416 52.338906,4.812082 52.338606,4.81058 52.338137,4.809378 52.337681))";"POLYGON((52.337681 4.809378,52.339262 4.806862,52.340666 4.806829,52.340651 4.807662,52.34123 4.809762,52.341323 4.812185,52.338906 4.813416,52.338606 4.812082,52.338137 4.81058,52.337681 4.809378))";4.8101275;52.339495;
52;"Tuincentrum osdorp";"Overig";"O";"Overig";"O";700;"Groen-blauw wonen";"Transformatie";"Nee";"POLYGON((4.788041 52.352298,4.7883 52.352545,4.788379 52.352595,4.788974 52.352637,4.789563 52.352732,4.791737 52.353161,4.792242 52.35224,4.792489 52.351879,4.793024 52.350848,4.792081 52.350658,4.788041 52.352298))";"POLYGON((52.352298 4.788041,52.352545 4.7883,52.352595 4.788379,52.352637 4.788974,52.352732 4.789563,52.353161 4.791737,52.35224 4.792242,52.351879 4.792489,52.350848 4.793024,52.350658 4.792081,52.352298 4.788041))";4.7905375;52.3519025;
55;"Gaasperdammerweg-oost";"Overig";"O";"Overig";"O";1500;"Groen-blauw wonen";"Infra aanpassing";"Nee";"MULTIPOLYGON(((4.983085 52.311066,4.98165 52.310765,4.980812 52.310535,4.979222 52.309983,4.975383 52.30842,4.974875 52.30787,4.974053 52.308049,4.974265 52.30831,4.978335 52.309927,4.983312 52.311663,4.98363 52.311288,4.983551 52.311196,4.983085 52.311066)),((4.979835 52.311716,4.980211 52.31163,4.982862 52.312541,4.983 52.312356,4.973249 52.309191,4.973039 52.309417,4.979835 52.311716)))";"MULTIPOLYGON(((52.311066 4.983085,52.310765 4.98165,52.310535 4.980812,52.309983 4.979222,52.30842 4.975383,52.30787 4.974875,52.308049 4.974053,52.30831 4.974265,52.309927 4.978335,52.311663 4.983312,52.311288 4.98363,52.311196 4.983551,52.311066 4.983085)),((52.311716 4.979835,52.31163 4.980211,52.312541 4.982862,52.312356 4.983,52.309191 4.973249,52.309417 4.973039,52.311716 4.979835)))";4.9783395;52.3101985;
57;"Gaasperdammerweg (Holendrecht)";"Overig";"O";"Overig";"O";1000;"Groen-blauw wonen";"Infra aanpassing";"Nee";"POLYGON((4.957524 52.302398,4.957121 52.30281,4.962186 52.304562,4.966579 52.306053,4.967933 52.305843,4.963715 52.304462,4.963969 52.304064,4.963048 52.303569,4.962217 52.30395,4.957524 52.302398))";"POLYGON((52.302398 4.957524,52.30281 4.957121,52.304562 4.962186,52.306053 4.966579,52.305843 4.967933,52.304462 4.963715,52.304064 4.963969,52.303569 4.963048,52.30395 4.962217,52.302398 4.957524))";4.962532;52.3042185;
58;"Cornelis Douwesterrein 0-1";"Haven-Stad";"H";"Haven-Stad 4 - Boven het IJ";"H4";6900;"Gemengde stadsbuurt";"Transformatie";"Nee";"POLYGON((4.865931 52.416138,4.867855 52.418187,4.88091 52.41217,4.879015 52.410694,4.877466 52.411439,4.877366 52.411442,4.875146 52.409707,4.874923 52.409499,4.87258 52.411107,4.87208 52.411432,4.871057 52.412052,4.872005 52.412792,4.870954 52.413298,4.870057 52.412578,4.865658 52.414631,4.866586 52.415908,4.865931 52.416138))";"POLYGON((52.416138 4.865931,52.418187 4.867855,52.41217 4.88091,52.410694 4.879015,52.411439 4.877466,52.411442 4.877366,52.409707 4.875146,52.409499 4.874923,52.411107 4.87258,52.411432 4.87208,52.412052 4.871057,52.412792 4.872005,52.413298 4.870954,52.412578 4.870057,52.414631 4.865658,52.415908 4.866586,52.416138 4.865931))";4.873289;52.413836;
59;"Coen- & Vlothaven";"Haven-Stad";"H";"Haven-Stad 5 - Coen-Vlothaven";"H5";15405;"Gemengde stadsbuurt";"Transformatie";"Nee";"POLYGON((4.854645 52.404651,4.855656 52.405625,4.857962 52.407513,4.860123 52.409251,4.862325 52.411352,4.862229 52.411418,4.86342 52.412432,4.863492 52.412458,4.863648 52.412411,4.864303 52.412122,4.865247 52.41167,4.86528 52.411605,4.865244 52.41155,4.865143 52.411505,4.865015 52.411517,4.864195 52.411898,4.857612 52.406426,4.857487 52.405821,4.858612 52.405316,4.858728 52.405356,4.858789 52.405528,4.859039 52.405761,4.859385 52.405625,4.862972 52.408605,4.863588 52.40833,4.863869 52.408259,4.863788 52.408131,4.864592 52.407912,4.864499 52.407792,4.86505 52.407555,4.861808 52.404842,4.863602 52.404026,4.866828 52.40674,4.867902 52.406271,4.867317 52.40578,4.869616 52.404718,4.869685 52.404723,4.869834 52.404899,4.870054 52.405415,4.869624 52.405471,4.870207 52.407326,4.86701 52.409634,4.866956 52.409691,4.866942 52.40975,4.867246 52.410271,4.867138 52.410338,4.867114 52.410383,4.867137 52.410419,4.867191 52.410444,4.867272 52.410435,4.867599 52.410258,4.867662 52.410286,4.867734 52.410277,4.867755 52.410286,4.869286 52.409287,4.870802 52.408088,4.87098 52.40815,4.871668 52.407516,4.871753 52.407547,4.87367 52.405685,4.873725 52.405563,4.873881 52.405517,4.873942 52.405541,4.873985 52.405512,4.873949 52.405493,4.874557 52.405301,4.874545 52.405287,4.874631 52.405219,4.874601 52.405155,4.874545 52.405119,4.871852 52.404076,4.869321 52.402673,4.866712 52.401435,4.86615 52.401264,4.864671 52.400545,4.856296 52.404281,4.853789 52.402191,4.86063 52.399146,4.859066 52.397844,4.856031 52.39921,4.855595 52.398869,4.855834 52.398749,4.855568 52.398747,4.855159 52.398794,4.850852 52.400832,4.851262 52.401251,4.851434 52.40151,4.851735 52.401904,4.8521 52.40233,4.854273 52.404287,4.854645 52.404651))";"POLYGON((52.404651 4.854645,52.405625 4.855656,52.407513 4.857962,52.409251 4.860123,52.411352 4.862325,52.411418 4.862229,52.412432 4.86342,52.412458 4.863492,52.412411 4.863648,52.412122 4.864303,52.41167 4.865247,52.411605 4.86528,52.41155 4.865244,52.411505 4.865143,52.411517 4.865015,52.411898 4.864195,52.406426 4.857612,52.405821 4.857487,52.405316 4.858612,52.405356 4.858728,52.405528 4.858789,52.405761 4.859039,52.405625 4.859385,52.408605 4.862972,52.40833 4.863588,52.408259 4.863869,52.408131 4.863788,52.407912 4.864592,52.407792 4.864499,52.407555 4.86505,52.404842 4.861808,52.404026 4.863602,52.40674 4.866828,52.406271 4.867902,52.40578 4.867317,52.404718 4.869616,52.404723 4.869685,52.404899 4.869834,52.405415 4.870054,52.405471 4.869624,52.407326 4.870207,52.409634 4.86701,52.409691 4.866956,52.40975 4.866942,52.410271 4.867246,52.410338 4.867138,52.410383 4.867114,52.410419 4.867137,52.410444 4.867191,52.410435 4.867272,52.410258 4.867599,52.410286 4.867662,52.410277 4.867734,52.410286 4.867755,52.409287 4.869286,52.408088 4.870802,52.40815 4.87098,52.407516 4.871668,52.407547 4.871753,52.405685 4.87367,52.405563 4.873725,52.405517 4.873881,52.405541 4.873942,52.405512 4.873985,52.405493 4.873949,52.405301 4.874557,52.405287 4.874545,52.405219 4.874631,52.405155 4.874601,52.405119 4.874545,52.404076 4.871852,52.402673 4.869321,52.401435 4.866712,52.401264 4.86615,52.400545 4.864671,52.404281 4.856296,52.402191 4.853789,52.399146 4.86063,52.397844 4.859066,52.39921 4.856031,52.398869 4.855595,52.398749 4.855834,52.398747 4.855568,52.398794 4.855159,52.400832 4.850852,52.401251 4.851262,52.40151 4.851434,52.401904 4.851735,52.40233 4.8521,52.404287 4.854273,52.404651 4.854645))";4.8627465;52.405144;
61;"Beethovenstraat";"Overig";"O";"Overig";"O";2700;"Gemengde stadsbuurt";"Verdichting";"Nee";"POLYGON((4.878046 52.341806,4.877418 52.341809,4.876414 52.341864,4.875504 52.341821,4.875418 52.342798,4.875425 52.343913,4.875257 52.343903,4.875225 52.344185,4.878011 52.344276,4.878043 52.343995,4.877845 52.343898,4.878046 52.341806))";"POLYGON((52.341806 4.878046,52.341809 4.877418,52.341864 4.876414,52.341821 4.875504,52.342798 4.875418,52.343913 4.875425,52.343903 4.875257,52.344185 4.875225,52.344276 4.878011,52.343995 4.878043,52.343898 4.877845,52.341806 4.878046))";4.8766405;52.343034;
62;"Arenapoort";"Amstel AMC";"A";"Amstel AMC 3 - Amstel III e.o.";"A3";2075;"Gemengde stadsbuurt";"Transformatie";"Nee";"POLYGON((4.952658 52.316509,4.954644 52.317237,4.957432 52.318149,4.960229 52.314844,4.958921 52.314292,4.957471 52.313864,4.957189 52.314142,4.948916 52.311381,4.940129 52.308491,4.935198 52.313823,4.942123 52.316183,4.942791 52.316063,4.943374 52.315392,4.944402 52.314267,4.948541 52.315525,4.951318 52.316443,4.951764 52.316615,4.952254 52.316444,4.952658 52.316509))";"POLYGON((52.316509 4.952658,52.317237 4.954644,52.318149 4.957432,52.314844 4.960229,52.314292 4.958921,52.313864 4.957471,52.314142 4.957189,52.311381 4.948916,52.308491 4.940129,52.313823 4.935198,52.316183 4.942123,52.316063 4.942791,52.315392 4.943374,52.314267 4.944402,52.315525 4.948541,52.316443 4.951318,52.316615 4.951764,52.316444 4.952254,52.316509 4.952658))";4.9477185;52.313313;
63;"Staalmeesterslaan/Nachtwachtlaan";"Ring West";"R";"Ring West";"R";370;"Gemengde stadsbuurt";"Groen-sportpark";"Ja";"POLYGON((4.844436 52.360848,4.844467 52.359491,4.843033 52.359487,4.842799 52.3639,4.84439 52.363916,4.844436 52.360848))";"POLYGON((52.360848 4.844436,52.359491 4.844467,52.359487 4.843033,52.3639 4.842799,52.363916 4.84439,52.360848 4.844436))";4.843638;52.3616945;
64;"Johan Jongkindstraat/Jan Sluijterstraat";"Ring West";"R";"Ring West";"R";400;"Gemengde stadsbuurt";"Verdichting";"Nee";"POLYGON((4.840458 52.359975,4.840449 52.359429,4.836807 52.359388,4.836781 52.359926,4.840458 52.359975))";"POLYGON((52.359975 4.840458,52.359429 4.840449,52.359388 4.836807,52.359926 4.836781,52.359975 4.840458))";4.8386245;52.3596745;
65;"Louis Bouwmeesterstraat Slotervaart";"Ring West";"R";"Ring West";"R";140;"Gemengde stadsbuurt";"Verdichting";"Nee";"POLYGON((4.825058 52.352464,4.832079 52.352524,4.83209 52.351991,4.825065 52.351913,4.825058 52.352464))";"POLYGON((52.352464 4.825058,52.352524 4.832079,52.351991 4.83209,52.351913 4.825065,52.352464 4.825058))";4.828579;52.3522115;
66;"Robert Fruinlaan Zuid-Oost";"Ring West";"R";"Ring West";"R";200;"Gemengde stadsbuurt";"Verdichting";"Nee";"POLYGON((4.827355 52.363833,4.832539 52.363891,4.832535 52.362791,4.827367 52.362762,4.827355 52.363833))";"POLYGON((52.363833 4.827355,52.363891 4.832539,52.362791 4.832535,52.362762 4.827367,52.363833 4.827355))";4.829952;52.3633195;
67;"Bastion Hotel Locatie";"Ring West";"R";"Ring West";"R";200;"Gemengde stadsbuurt";"Verdichting";"Nee";"POLYGON((4.844061 52.357809,4.844134 52.356488,4.843221 52.356502,4.843205 52.357805,4.844061 52.357809))";"POLYGON((52.357809 4.844061,52.356488 4.844134,52.356502 4.843221,52.357805 4.843205,52.357809 4.844061))";4.8436745;52.3571415;
69;"Park de Kuil West";"Overig";"O";"Overig";"O";350;"Groen-blauw wonen";"Groen-sportpark";"Ja";"POLYGON((4.791778 52.375375,4.791909 52.375252,4.791127 52.375218,4.78978 52.375863,4.789197 52.37619,4.789245 52.37623,4.788795 52.3765,4.788557 52.376614,4.788248 52.376677,4.787988 52.376677,4.787961 52.377841,4.788717 52.377856,4.788889 52.377931,4.792556 52.377965,4.792751 52.377984,4.792875 52.378025,4.793187 52.378165,4.793387 52.378288,4.793688 52.378275,4.793464 52.37755,4.793401 52.377449,4.793709 52.377408,4.79156 52.376074,4.7915 52.37588,4.791529 52.375708,4.791617 52.37554,4.791778 52.375375))";"POLYGON((52.375375 4.791778,52.375252 4.791909,52.375218 4.791127,52.375863 4.78978,52.37619 4.789197,52.37623 4.789245,52.3765 4.788795,52.376614 4.788557,52.376677 4.788248,52.376677 4.787988,52.377841 4.787961,52.377856 4.788717,52.377931 4.788889,52.377965 4.792556,52.377984 4.792751,52.378025 4.792875,52.378165 4.793187,52.378288 4.793387,52.378275 4.793688,52.37755 4.793464,52.377449 4.793401,52.377408 4.793709,52.376074 4.79156,52.37588 4.7915,52.375708 4.791529,52.37554 4.791617,52.375375 4.791778))";4.79084;52.376746;
70;"Stadsentree Gaasperpark";"Ontwikkelbuurten";"B";"Ontwikkelbuurten 2 - Zuidoost";"B2";0;"Gemengde stadsbuurt";"Groen-sportpark";"Nee";"MULTIPOLYGON(((4.986276 52.312797,4.986903 52.312992,4.987874 52.313321,4.990627 52.314318,4.991551 52.313886,4.991377 52.313711,4.991193 52.31357,4.990996 52.313454,4.99078 52.313355,4.98947 52.31292,4.988418 52.312522,4.988051 52.312413,4.987694 52.31233,4.987187 52.312249,4.98666 52.312202,4.986171 52.312193,4.985699 52.312222,4.985766 52.312414,4.985889 52.312577,4.986066 52.312708,4.986276 52.312797)),((4.984582 52.312213,4.98534 52.31134,4.984653 52.311109,4.983892 52.311994,4.984582 52.312213)),((4.983329 52.313524,4.984653 52.314001,4.985069 52.313565,4.985482 52.3134,4.985765 52.313171,4.984168 52.312602,4.983329 52.313524)))";"MULTIPOLYGON(((52.312797 4.986276,52.312992 4.986903,52.313321 4.987874,52.314318 4.990627,52.313886 4.991551,52.313711 4.991377,52.31357 4.991193,52.313454 4.990996,52.313355 4.99078,52.31292 4.98947,52.312522 4.988418,52.312413 4.988051,52.31233 4.987694,52.312249 4.987187,52.312202 4.98666,52.312193 4.986171,52.312222 4.985699,52.312414 4.985766,52.312577 4.985889,52.312708 4.986066,52.312797 4.986276)),((52.312213 4.984582,52.31134 4.98534,52.311109 4.984653,52.311994 4.983892,52.312213 4.984582)),((52.313524 4.983329,52.314001 4.984653,52.313565 4.985069,52.3134 4.985482,52.313171 4.985765,52.312602 4.984168,52.313524 4.983329)))";4.987445;52.3127065;
71;"Stadsdeelwerf Meerkerkdreef";"Ontwikkelbuurten";"B";"Ontwikkelbuurten 2 - Zuidoost";"B2";75;"Groen-blauw wonen";"Transformatie";"Nee";"POLYGON((4.976656 52.302798,4.977175 52.302318,4.977661 52.301936,4.977648 52.301913,4.977669 52.301873,4.9778 52.301812,4.978337 52.301617,4.9784 52.301572,4.978432 52.30152,4.978444 52.301425,4.978231 52.300965,4.977653 52.301049,4.977096 52.301086,4.977046 52.301099,4.977004 52.301132,4.977028 52.301467,4.976974 52.301659,4.976931 52.301727,4.976805 52.301881,4.976542 52.30211,4.9761 52.302417,4.976412 52.302674,4.976656 52.302798))";"POLYGON((52.302798 4.976656,52.302318 4.977175,52.301936 4.977661,52.301913 4.977648,52.301873 4.977669,52.301812 4.9778,52.301617 4.978337,52.301572 4.9784,52.30152 4.978432,52.301425 4.978444,52.300965 4.978231,52.301049 4.977653,52.301086 4.977096,52.301099 4.977046,52.301132 4.977004,52.301467 4.977028,52.301659 4.976974,52.301727 4.976931,52.301881 4.976805,52.30211 4.976542,52.302417 4.9761,52.302674 4.976412,52.302798 4.976656))";4.977277;52.3018745;
72;"Meerkerkdreef Oost";"Overig";"O";"Overig";"O";75;"Groen-blauw wonen";"Verdichting";"Nee";"POLYGON((4.978832 52.301445,4.979811 52.301418,4.979844 52.300924,4.979359 52.300921,4.979373 52.300258,4.978834 52.300187,4.978633 52.300283,4.978319 52.300508,4.978832 52.301445))";"POLYGON((52.301445 4.978832,52.301418 4.979811,52.300924 4.979844,52.300921 4.979359,52.300258 4.979373,52.300187 4.978834,52.300283 4.978633,52.300508 4.978319,52.301445 4.978832))";4.9790865;52.300809;
73;"Schoonhovendreef";"Ontwikkelbuurten";"B";"Ontwikkelbuurten 2 - Zuidoost";"B2";300;"Gemengde stadsbuurt";"Infra aanpassing";"Deels";"POLYGON((4.967854 52.291032,4.967494 52.291508,4.974252 52.293077,4.974589 52.293134,4.981637 52.292885,4.982287 52.293054,4.986434 52.2931,4.986502 52.292616,4.98145 52.292422,4.974221 52.29262,4.97335 52.292341,4.970323 52.29166,4.967854 52.291032))";"POLYGON((52.291032 4.967854,52.291508 4.967494,52.293077 4.974252,52.293134 4.974589,52.292885 4.981637,52.293054 4.982287,52.2931 4.986434,52.292616 4.986502,52.292422 4.98145,52.29262 4.974221,52.292341 4.97335,52.29166 4.970323,52.291032 4.967854))";4.977003;52.292076;
74;"Wageningendreef";"Overig";"O";"Overig";"O";120;"Groen-blauw wonen";"Infra aanpassing";"Nee";"POLYGON((4.988612 52.301368,4.98973 52.301379,4.989756 52.29837,4.988658 52.298349,4.988612 52.301368))";"POLYGON((52.301368 4.988612,52.301379 4.98973,52.29837 4.989756,52.298349 4.988658,52.301368 4.988612))";4.989189;52.299857;
75;"Meerkerkdreef west";"Overig";"O";"Overig";"O";180;"Groen-blauw wonen";"Infra aanpassing";"Nee";"POLYGON((4.968909 52.298421,4.968639 52.298334,4.965692 52.301326,4.965363 52.301212,4.963237 52.3035,4.964097 52.303747,4.968909 52.298421))";"POLYGON((52.298421 4.968909,52.298334 4.968639,52.301326 4.965692,52.301212 4.965363,52.3035 4.963237,52.303747 4.964097,52.298421 4.968909))";4.966078;52.3010335;
79;"Lelylaan - Callandlaan Oost";"Ring West";"R";"Ring West";"R";500;"Gemengde stadsbuurt";"Verdichting";"Nee";"POLYGON((4.82791 52.357746,4.833006 52.357805,4.833106 52.356363,4.827634 52.35632,4.827596 52.357172,4.827899 52.357306,4.82791 52.357746))";"POLYGON((52.357746 4.82791,52.357805 4.833006,52.356363 4.833106,52.35632 4.827634,52.357172 4.827596,52.357306 4.827899,52.357746 4.82791))";4.830356;52.3570555;
80;"Ringparklocatie";"Ring West";"R";"Ring West";"R";185;"Gemengde stadsbuurt";"Transformatie";"Ja";"POLYGON((4.843072 52.359186,4.844477 52.359215,4.844488 52.35903,4.844452 52.358203,4.84358 52.358215,4.843138 52.358336,4.843136 52.358648,4.843072 52.359186))";"POLYGON((52.359186 4.843072,52.359215 4.844477,52.35903 4.844488,52.358203 4.844452,52.358215 4.84358,52.358336 4.843138,52.358648 4.843136,52.359186 4.843072))";4.843785;52.358702;
81;"Staalmeesterslaan";"Ring West";"R";"Ring West";"R";280;"Gemengde stadsbuurt";"Groen-sportpark";"Deels";"POLYGON((4.844391 52.364514,4.842837 52.364509,4.842842 52.367097,4.844374 52.36711,4.844391 52.364514))";"POLYGON((52.364514 4.844391,52.364509 4.842837,52.367097 4.842842,52.36711 4.844374,52.364514 4.844391))";4.843619;52.3658025;
82;"Johan Jongkindstraat/Ringspoor";"Ring West";"R";"Ring West";"R";170;"Gemengde stadsbuurt";"Verdichting";"Nee";"POLYGON((4.83644 52.359384,4.834714 52.359357,4.834725 52.360001,4.835999 52.360028,4.835997 52.35982,4.836408 52.359822,4.83644 52.359384))";"POLYGON((52.359384 4.83644,52.359357 4.834714,52.360001 4.834725,52.360028 4.835999,52.35982 4.835997,52.359822 4.836408,52.359384 4.83644))";4.835582;52.3596855;
83;"Robert Fruinlaan Zuid-West";"Ring West";"R";"Ring West";"R";100;"Gemengde stadsbuurt";"Verdichting";"Nee";"POLYGON((4.824618 52.363795,4.826781 52.363834,4.826839 52.362707,4.82464 52.362688,4.824586 52.363007,4.823963 52.36314,4.824618 52.363795))";"POLYGON((52.363795 4.824618,52.363834 4.826781,52.362707 4.826839,52.362688 4.82464,52.363007 4.824586,52.36314 4.823963,52.363795 4.824618))";4.825406;52.363254;
84;"KW buurt-Slotervaart Waterfront";"Ring West";"R";"Ring West";"R";280;"Gemengde stadsbuurt";"Groen-sportpark";"Nee";"POLYGON((4.840518 52.352571,4.84055 52.352176,4.835991 52.352158,4.83599 52.352584,4.840518 52.352571))";"POLYGON((52.352571 4.840518,52.352176 4.84055,52.352158 4.835991,52.352584 4.83599,52.352571 4.840518))";4.838275;52.352364;
85;"Vlaardingenlaan-Aalsmeerplein";"Overig";"O";"Overig";"O";75;"Gemengde stadsbuurt";"Verdichting";"Nee";"POLYGON((4.8454 52.347307,4.845408 52.346976,4.842199 52.346952,4.842189 52.347287,4.842952 52.347294,4.842953 52.347011,4.843242 52.347007,4.843238 52.347291,4.844288 52.347295,4.844295 52.347017,4.844579 52.347018,4.844566 52.347298,4.8454 52.347307))";"POLYGON((52.347307 4.8454,52.346976 4.845408,52.346952 4.842199,52.347287 4.842189,52.347294 4.842952,52.347011 4.842953,52.347007 4.843242,52.347291 4.843238,52.347295 4.844288,52.347017 4.844295,52.347018 4.844579,52.347298 4.844566,52.347307 4.8454))";4.8438035;52.3471225;
86;"Valburgdreef ";"Overig";"O";"Overig";"O";800;"Groen-blauw wonen";"Groen-sportpark";"Deels";"MULTIPOLYGON(((4.999771 52.301265,4.989994 52.301228,4.989999 52.301624,4.999759 52.301632,4.999771 52.301265)),((4.988258 52.301228,4.980087 52.301211,4.980105 52.301571,4.988249 52.301605,4.988258 52.301228)))";"MULTIPOLYGON(((52.301265 4.999771,52.301228 4.989994,52.301624 4.989999,52.301632 4.999759,52.301265 4.999771)),((52.301228 4.988258,52.301211 4.980087,52.301571 4.980105,52.301605 4.988249,52.301228 4.988258)))";4.989934;52.3014145;
87;"Minervahaven Noord";"Haven-Stad";"H";"Haven-Stad 3 - Alfadriehoek-Minervahaven noord";"H3";2685;"Gemengde stadsbuurt";"Transformatie";"Deels";"POLYGON((4.8692090 52.3995330,4.8692580 52.3989590,4.8693400 52.3987080,4.8699910 52.3975740,4.8696210 52.3974770,4.8719119 52.3975019,4.8733030 52.3975857,4.8696210 52.3974770,4.8717627 52.3974843,4.8717370 52.3974682,4.8731817 52.3975681,4.8746423 52.3978074,4.8760171 52.3980467,4.8777331 52.3983223,4.8768350 52.4006360,4.8763370 52.4006120,4.8755380 52.4024720,4.8741560 52.4017970,4.8759830 52.3980340,4.8732210 52.3975670,4.8717450 52.4001350,4.8716430 52.4002150,4.8714840 52.4002650,4.8712500 52.4002350,4.8697300 52.3999150,4.8691350 52.3995960,4.8692090 52.3995330))";"POLYGON((52.3995330 4.8692090,52.3989590 4.8692580,52.3987080 4.8693400,52.3975740 4.8699910,52.3974770 4.8696210,52.3975019 4.8719119,52.3975857 4.8733030,52.3974770 4.8696210,52.3974843 4.8717627,52.3974682 4.8717370,52.3975681 4.8731817,52.3978074 4.8746423,52.3980467 4.8760171,52.3983223 4.8777331,52.4006360 4.8768350,52.4006120 4.8763370,52.4024720 4.8755380,52.4017970 4.8741560,52.3980340 4.8759830,52.3975670 4.8732210,52.4001350 4.8717450,52.4002150 4.8716430,52.4002650 4.8714840,52.4002350 4.8712500,52.3999150 4.8697300,52.3995960 4.8691350,52.3995330 4.8692090))";4.87343905;52.3999631;
92;"Wildemanbuurt";"Ontwikkelbuurten";"B";"Ontwikkelbuurten 1 - Nieuw-West";"B1";0;"Groen-blauw wonen";"Verdichting";"Nee";"POLYGON((4.798235 52.35934,4.795533 52.364347,4.800337 52.365338,4.802659 52.361032,4.802933 52.360969,4.803399 52.360385,4.798235 52.35934),(4.800994 52.362651,4.800854 52.362896,4.799309 52.362586,4.799446 52.362349,4.800994 52.362651),(4.799292 52.360568,4.798736 52.361659,4.798222 52.361564,4.798829 52.360475,4.799292 52.360568))";"POLYGON((52.35934 4.798235,52.364347 4.795533,52.365338 4.800337,52.361032 4.802659,52.360969 4.802933,52.360385 4.803399,52.35934 4.798235),(52.362651 4.800994,52.362896 4.800854,52.362586 4.799309,52.362349 4.799446,52.362651 4.800994),(52.360568 4.799292,52.361659 4.798736,52.361564 4.798222,52.360475 4.798829,52.360568 4.799292))";4.799471;52.362332;
93;"Science Park-Oost";"Overig";"O";"Overig";"O";1800;"Gemengde stadsbuurt";"Nieuwbouw";"Nee";"POLYGON((4.95467 52.352267,4.951491 52.354178,4.951881 52.354427,4.952572 52.354412,4.953117 52.354209,4.954542 52.354235,4.954827 52.353918,4.955707 52.353577,4.956723 52.354163,4.957284 52.353836,4.960461 52.355557,4.960646 52.355754,4.960694 52.356209,4.962037 52.355744,4.962777 52.355414,4.96344 52.355085,4.963556 52.355007,4.963597 52.354922,4.96359 52.354848,4.963545 52.354751,4.963423 52.354648,4.963274 52.354556,4.960263 52.353153,4.959895 52.353042,4.959542 52.352966,4.959208 52.352924,4.9588 52.352896,4.95832 52.352906,4.957281 52.353046,4.956332 52.353268,4.95467 52.352267),(4.961329 52.355346,4.960091 52.354631,4.961368 52.353796,4.962678 52.354488,4.961329 52.355346))";"POLYGON((52.352267 4.95467,52.354178 4.951491,52.354427 4.951881,52.354412 4.952572,52.354209 4.953117,52.354235 4.954542,52.353918 4.954827,52.353577 4.955707,52.354163 4.956723,52.353836 4.957284,52.355557 4.960461,52.355754 4.960646,52.356209 4.960694,52.355744 4.962037,52.355414 4.962777,52.355085 4.96344,52.355007 4.963556,52.354922 4.963597,52.354848 4.96359,52.354751 4.963545,52.354648 4.963423,52.354556 4.963274,52.353153 4.960263,52.353042 4.959895,52.352966 4.959542,52.352924 4.959208,52.352896 4.9588,52.352906 4.95832,52.353046 4.957281,52.353268 4.956332,52.352267 4.95467),(52.355346 4.961329,52.354631 4.960091,52.353796 4.961368,52.354488 4.962678,52.355346 4.961329))";4.957549;52.354231;
94;"Tuindorp Frankendael";"Overig";"O";"Overig";"O";1800;"Gemengde stadsbuurt";"Verdichting";"Nee";"POLYGON((4.935634 52.348469,4.936426 52.348925,4.937811 52.348112,4.937136 52.347717,4.938531 52.346837,4.934478 52.344369,4.929593 52.347483,4.93207 52.348822,4.933372 52.348055,4.934909 52.348929,4.935634 52.348469),(4.935871 52.347941,4.933806 52.346794,4.934884 52.346076,4.935523 52.346442,4.935152 52.346685,4.936595 52.347504,4.935871 52.347941))";"POLYGON((52.348469 4.935634,52.348925 4.936426,52.348112 4.937811,52.347717 4.937136,52.346837 4.938531,52.344369 4.934478,52.347483 4.929593,52.348822 4.93207,52.348055 4.933372,52.348929 4.934909,52.348469 4.935634),(52.347941 4.935871,52.346794 4.933806,52.346076 4.934884,52.346442 4.935523,52.346685 4.935152,52.347504 4.936595,52.347941 4.935871))";4.934067;52.346642;
95;"Delfland Maassluis/Spoorzone";"Kerncorridor";"K";"Kerncorridor 1 - Schinkelkwartier";"K1";280;"Gemengde stadsbuurt";"Transformatie";"Nee";"POLYGON((4.83643 52.347263,4.835619 52.347258,4.83556 52.350608,4.836371 52.350614,4.83643 52.347263))";"POLYGON((52.347263 4.83643,52.347258 4.835619,52.350608 4.83556,52.350614 4.836371,52.347263 4.83643))";4.836;52.348929;
97;"Appelweg / Oostzanerdijk  PO";"Ontwikkelbuurten";"B";"Ontwikkelbuurten 3 - Noord";"B3";14;"Gemengde stadsbuurt";"Verdichting";"Nee";"POLYGON((4.896815 52.415389,4.896649 52.415171,4.896355 52.415285,4.895291 52.415946,4.895744 52.416069,4.895888 52.416029,4.895975 52.41585,4.896373 52.415544,4.896815 52.415389))";"POLYGON((52.415389 4.896815,52.415171 4.896649,52.415285 4.896355,52.415946 4.895291,52.416069 4.895744,52.416029 4.895888,52.41585 4.895975,52.415544 4.896373,52.415389 4.896815))";4.896058;52.415613;
101;"Lebo Blok C Plein West";"Ontwikkelbuurten";"B";"Ontwikkelbuurten 1 - Nieuw-West";"B1";171;"Groen-blauw wonen";"Verdichting";"Nee";"POLYGON((4.804934 52.358035,4.804877 52.358024,4.804891 52.357998,4.804797 52.357978,4.804762 52.357981,4.804726 52.358047,4.804516 52.358007,4.804182 52.358624,4.804573 52.358703,4.804934 52.358035))";"POLYGON((52.358035 4.804934,52.358024 4.804877,52.357998 4.804891,52.357978 4.804797,52.357981 4.804762,52.358047 4.804726,52.358007 4.804516,52.358624 4.804182,52.358703 4.804573,52.358035 4.804934))";4.804563;52.3583335;
102;"Bernardterrein Zelfbouw";"Ontwikkelbuurten";"B";"Ontwikkelbuurten 3 - Noord";"B3";16;"Gemengde stadsbuurt";"Verdichting";"Nee";"POLYGON((4.897664 52.415706,4.8976 52.415703,4.897571 52.415781,4.897475 52.415768,4.897501 52.415695,4.897447 52.415689,4.897431 52.415765,4.89731 52.415749,4.897326 52.41568,4.8971 52.415664,4.897085 52.415726,4.896995 52.415727,4.896996 52.415652,4.896943 52.415649,4.896932 52.41623,4.897432 52.416246,4.897434 52.416163,4.897469 52.416119,4.897527 52.416126,4.897574 52.416032,4.897664 52.415706))";"POLYGON((52.415706 4.897664,52.415703 4.8976,52.415781 4.897571,52.415768 4.897475,52.415695 4.897501,52.415689 4.897447,52.415765 4.897431,52.415749 4.89731,52.41568 4.897326,52.415664 4.8971,52.415726 4.897085,52.415727 4.896995,52.415652 4.896996,52.415649 4.896943,52.41623 4.896932,52.416246 4.897432,52.416163 4.897434,52.416119 4.897469,52.416126 4.897527,52.416032 4.897574,52.415706 4.897664))";4.897303;52.4159405;
105;"Oranjewerf";"IJ-oevers";"I";"IJ-oevers 2 - Noordelijke IJ-oevers oost";"I2";1000;"Gemengde stadsbuurt";"Transformatie";"Deels";"POLYGON((4.952539 52.38419,4.951327 52.383983,4.950692 52.383963,4.946684 52.38413,4.946603 52.384111,4.945982 52.38411,4.944341 52.384151,4.944329 52.38422,4.944911 52.385598,4.944912 52.38567,4.944818 52.385831,4.944817 52.38587,4.944897 52.38596,4.947103 52.385664,4.947143 52.385831,4.947228 52.38589,4.948459 52.3858,4.950282 52.3858,4.950657 52.385813,4.950853 52.385836,4.951307 52.385961,4.951501 52.385962,4.951675 52.385884,4.952064 52.385977,4.952539 52.38419))";"POLYGON((52.38419 4.952539,52.383983 4.951327,52.383963 4.950692,52.38413 4.946684,52.384111 4.946603,52.38411 4.945982,52.384151 4.944341,52.38422 4.944329,52.385598 4.944911,52.38567 4.944912,52.385831 4.944818,52.38587 4.944817,52.38596 4.944897,52.385664 4.947103,52.385831 4.947143,52.38589 4.947228,52.3858 4.948459,52.3858 4.950282,52.385813 4.950657,52.385836 4.950853,52.385961 4.951307,52.385962 4.951501,52.385884 4.951675,52.385977 4.952064,52.38419 4.952539))";4.948439;52.384963;
108;"Reade - Revalidatiecentrum";"Overig";"O";"Overig";"O";125;"Gemengde stadsbuurt";"Verdichting";"Nee";"POLYGON((4.86765 52.360631,4.867783 52.360405,4.867645 52.360373,4.868049 52.35971,4.867814 52.35965,4.867854 52.359594,4.867529 52.359517,4.867349 52.35982,4.867221 52.359789,4.867126 52.359932,4.866899 52.359886,4.86687 52.359921,4.866739 52.359889,4.866693 52.359952,4.866409 52.359884,4.86637 52.359944,4.866275 52.359922,4.866085 52.360225,4.867467 52.360545,4.867448 52.360585,4.86765 52.360631))";"POLYGON((52.360631 4.86765,52.360405 4.867783,52.360373 4.867645,52.35971 4.868049,52.35965 4.867814,52.359594 4.867854,52.359517 4.867529,52.35982 4.867349,52.359789 4.867221,52.359932 4.867126,52.359886 4.866899,52.359921 4.86687,52.359889 4.866739,52.359952 4.866693,52.359884 4.866409,52.359944 4.86637,52.359922 4.866275,52.360225 4.866085,52.360545 4.867467,52.360585 4.867448,52.360631 4.86765))";4.867072;52.360067;
109;"De Werf - Cordaan";"IJ-oevers";"I";"IJ-oevers 1 - Noordelijke IJ-oevers west";"I1";1000;"Gemengde stadsbuurt";"Transformatie";"Nee";"POLYGON((4.894452 52.407576,4.89663 52.407242,4.896463 52.40693,4.896257 52.406744,4.895992 52.406659,4.895662 52.406614,4.895308 52.4066,4.894954 52.406651,4.894565 52.406882,4.894401 52.407033,4.894345 52.407153,4.894366 52.407374,4.894452 52.407576))";"POLYGON((52.407576 4.894452,52.407242 4.89663,52.40693 4.896463,52.406744 4.896257,52.406659 4.895992,52.406614 4.895662,52.4066 4.895308,52.406651 4.894954,52.406882 4.894565,52.407033 4.894401,52.407153 4.894345,52.407374 4.894366,52.407576 4.894452))";4.8954925;52.407081;
110;"Entreegebied Gulden Winckel";"Overig";"O";"Overig";"O";600;"Gemengde stadsbuurt";"Verdichting";"Nee";"POLYGON((4.846301 52.383879,4.846787 52.384443,4.846988 52.384377,4.846614 52.383959,4.846664 52.383859,4.846842 52.383776,4.846784 52.383726,4.847084 52.383583,4.847822 52.383321,4.849897 52.38239,4.849909 52.38194,4.845749 52.381883,4.845644 52.381842,4.845236 52.381827,4.845218 52.382921,4.845419 52.384344,4.845707 52.384696,4.845785 52.384709,4.84637 52.384542,4.846278 52.384431,4.846309 52.38442,4.845947 52.38399,4.846301 52.383879),(4.84641 52.383432,4.846023 52.383422,4.846054 52.382876,4.846445 52.382885,4.84641 52.383432))";"POLYGON((52.383879 4.846301,52.384443 4.846787,52.384377 4.846988,52.383959 4.846614,52.383859 4.846664,52.383776 4.846842,52.383726 4.846784,52.383583 4.847084,52.383321 4.847822,52.38239 4.849897,52.38194 4.849909,52.381883 4.845749,52.381842 4.845644,52.381827 4.845236,52.382921 4.845218,52.384344 4.845419,52.384696 4.845707,52.384709 4.845785,52.384542 4.84637,52.384431 4.846278,52.38442 4.846309,52.38399 4.845947,52.383879 4.846301),(52.383432 4.84641,52.383422 4.846023,52.382876 4.846054,52.382885 4.846445,52.383432 4.84641))";4.8475685;52.383261;
112;"Banne Noord";"Ontwikkelbuurten";"B";"Ontwikkelbuurten 3 - Noord";"B3";0;"Groen-blauw wonen";"Verdichting";"Nee";"POLYGON((4.91413 52.41046,4.919697 52.415064,4.920233 52.415306,4.924214 52.41348,4.926762 52.412216,4.929159 52.410928,4.928398 52.410083,4.928205 52.409658,4.927808 52.40929,4.927325 52.409102,4.925362 52.407498,4.924858 52.40666,4.924686 52.405069,4.920716 52.406601,4.915533 52.409174,4.913549 52.41005,4.91413 52.41046))";"POLYGON((52.41046 4.91413,52.415064 4.919697,52.415306 4.920233,52.41348 4.924214,52.412216 4.926762,52.410928 4.929159,52.410083 4.928398,52.409658 4.928205,52.40929 4.927808,52.409102 4.927325,52.407498 4.925362,52.40666 4.924858,52.405069 4.924686,52.406601 4.920716,52.409174 4.915533,52.41005 4.913549,52.41046 4.91413))";4.921359;52.4101805;
115;"Overkoepelende principenota Geuzenveld-Slotermeer";"Ontwikkelbuurten";"B";"Ontwikkelbuurten 1 - Nieuw-West";"B1";4500;"Gemengde stadsbuurt";"Verdichting";"Nee";"POLYGON((4.830111 52.38448,4.839048 52.38467,4.839081 52.38394,4.839038 52.383,4.838877 52.382096,4.835642 52.373293,4.838405 52.37292,4.838249 52.37255,4.833164 52.37329,4.831892 52.37032,4.830594 52.369842,4.827128 52.372239,4.821174 52.368905,4.819307 52.36732,4.817805 52.366507,4.816603 52.366704,4.815403 52.366795,4.812312 52.369416,4.811497 52.37125,4.811626 52.372036,4.79298 52.373942,4.791529 52.375855,4.793387 52.377047,4.793708 52.377029,4.794513 52.379981,4.794207 52.384103,4.799439 52.384043,4.805725 52.384188,4.816207 52.384315,4.818294 52.384181,4.819369 52.384166,4.821689 52.384402,4.830111 52.38448))";"POLYGON((52.38448 4.830111,52.38467 4.839048,52.38394 4.839081,52.383 4.839038,52.382096 4.838877,52.373293 4.835642,52.37292 4.838405,52.37255 4.838249,52.37329 4.833164,52.37032 4.831892,52.369842 4.830594,52.372239 4.827128,52.368905 4.821174,52.36732 4.819307,52.366507 4.817805,52.366704 4.816603,52.366795 4.815403,52.369416 4.812312,52.37125 4.811497,52.372036 4.811626,52.373942 4.79298,52.375855 4.791529,52.377047 4.793387,52.377029 4.793708,52.379981 4.794513,52.384103 4.794207,52.384043 4.799439,52.384188 4.805725,52.384315 4.816207,52.384181 4.818294,52.384166 4.819369,52.384402 4.821689,52.38448 4.830111))";4.81531;52.3755815;
116;"Surinameplein";"Overig";"O";"Overig";"O";200;"Gemengde stadsbuurt";"Verdichting";"Nee";"POLYGON((4.852202 52.357887,4.849104 52.35787,4.849104 52.358244,4.849739 52.358245,4.850064 52.358261,4.850357 52.358304,4.850336 52.358829,4.852847 52.358888,4.853081 52.359025,4.853511 52.359037,4.85394 52.358808,4.853971 52.358501,4.853876 52.358213,4.853403 52.357878,4.853039 52.357792,4.852438 52.357813,4.852202 52.357887))";"POLYGON((52.357887 4.852202,52.35787 4.849104,52.358244 4.849104,52.358245 4.849739,52.358261 4.850064,52.358304 4.850357,52.358829 4.850336,52.358888 4.852847,52.359025 4.853081,52.359037 4.853511,52.358808 4.85394,52.358501 4.853971,52.358213 4.853876,52.357878 4.853403,52.357792 4.853039,52.357813 4.852438,52.357887 4.852202))";4.8515425;52.3584075;
117;"Banne Zuid";"Ontwikkelbuurten";"B";"Ontwikkelbuurten 3 - Noord";"B3";0;"Groen-blauw wonen";"Verdichting";"Nee";"POLYGON((4.913549 52.41005,4.915533 52.409174,4.920716 52.406601,4.924686 52.405069,4.924111 52.403608,4.923557 52.40248,4.922535 52.401037,4.922379 52.400035,4.921897 52.399395,4.920544 52.400141,4.9193 52.400546,4.916918 52.401214,4.914881 52.401489,4.911575 52.402392,4.909644 52.403263,4.907553 52.403957,4.906308 52.404874,4.907295 52.405318,4.90767 52.405234,4.913549 52.41005))";"POLYGON((52.41005 4.913549,52.409174 4.915533,52.406601 4.920716,52.405069 4.924686,52.403608 4.924111,52.40248 4.923557,52.401037 4.922535,52.400035 4.922379,52.399395 4.921897,52.400141 4.920544,52.400546 4.9193,52.401214 4.916918,52.401489 4.914881,52.402392 4.911575,52.403263 4.909644,52.403957 4.907553,52.404874 4.906308,52.405318 4.907295,52.405234 4.90767,52.41005 4.913549))";4.915502;52.4047155;
118;"De kleine wereld";"Ontwikkelbuurten";"B";"Ontwikkelbuurten 3 - Noord";"B3";0;"Gemengde stadsbuurt";"Verdichting";"Nee";"POLYGON((4.936712 52.400618,4.935919 52.401031,4.93977 52.404095,4.941332 52.403396,4.941198 52.403272,4.948912 52.400199,4.947217 52.398697,4.942904 52.399891,4.941015 52.399138,4.939729 52.399342,4.936712 52.400618))";"POLYGON((52.400618 4.936712,52.401031 4.935919,52.404095 4.93977,52.403396 4.941332,52.403272 4.941198,52.400199 4.948912,52.398697 4.947217,52.399891 4.942904,52.399138 4.941015,52.399342 4.939729,52.400618 4.936712))";4.9424205;52.401389;
119;"Waterlandpleinbuurt";"Ontwikkelbuurten";"B";"Ontwikkelbuurten 3 - Noord";"B3";0;"Gemengde stadsbuurt";"Verdichting";"Deels";"POLYGON((4.950929 52.3976,4.953976 52.401611,4.956551 52.400173,4.959814 52.397614,4.962391 52.394851,4.967033 52.390006,4.960091 52.388278,4.954619 52.395819,4.953976 52.396527,4.950929 52.3976))";"POLYGON((52.3976 4.950929,52.401611 4.953976,52.400173 4.956551,52.397614 4.959814,52.394851 4.962391,52.390006 4.967033,52.388278 4.960091,52.395819 4.954619,52.396527 4.953976,52.3976 4.950929))";4.958986;52.3949375;
121;"Ganzenhoef 1";"Overig";"O";"Overig";"O";200;"Gemengde stadsbuurt";"Verdichting";"Nee";"POLYGON((4.973343 52.323704,4.978611 52.325371,4.97933 52.324545,4.974062 52.322872,4.973343 52.323704))";"POLYGON((52.323704 4.973343,52.325371 4.978611,52.324545 4.97933,52.322872 4.974062,52.323704 4.973343))";4.9763415;52.3241145;
122;"Ganzenhoef 3";"Overig";"O";"Overig";"O";50;"Gemengde stadsbuurt";"Verdichting";"Nee";"POLYGON((4.971252 52.321252,4.971649 52.320728,4.970297 52.320335,4.969878 52.320786,4.971252 52.321252))";"POLYGON((52.321252 4.971252,52.320728 4.971649,52.320335 4.970297,52.320786 4.969878,52.321252 4.971252))";4.9707685;52.3207865;
123;"E-buurt 1";"Overig";"O";"Overig";"O";100;"Groen-blauw wonen";"Verdichting";"Nee";"POLYGON((4.966807 52.327556,4.967168 52.327066,4.964959 52.326348,4.959393 52.324441,4.958857 52.325038,4.966807 52.327556))";"POLYGON((52.327556 4.966807,52.327066 4.967168,52.326348 4.964959,52.324441 4.959393,52.325038 4.958857,52.327556 4.966807))";4.9630175;52.3259915;
124;"E-buurt 2";"Overig";"O";"Overig";"O";60;"Gemengde stadsbuurt";"Verdichting";"Nee";"POLYGON((4.960852 52.323963,4.959962 52.323642,4.959393 52.324441,4.96052 52.324802,4.961088 52.324028,4.960852 52.323963))";"POLYGON((52.323963 4.960852,52.323642 4.959962,52.324441 4.959393,52.324802 4.96052,52.324028 4.961088,52.323963 4.960852))";4.9602455;52.324215;
125;"D-buurt overig";"Overig";"O";"Overig";"O";150;"Gemengde stadsbuurt";"Verdichting";"Nee";"POLYGON((4.950707 52.317138,4.9487 52.319347,4.949333 52.319545,4.949711 52.319407,4.951296 52.317493,4.951318 52.317387,4.950707 52.317138))";"POLYGON((52.317138 4.950707,52.319347 4.9487,52.319545 4.949333,52.319407 4.949711,52.317493 4.951296,52.317387 4.951318,52.317138 4.950707))";4.950014;52.3183345;
126;"Parnas";"Overig";"O";"Overig";"O";300;"Gemengde stadsbuurt";"Verdichting";"Nee";"POLYGON((4.868433 52.339454,4.864733 52.339296,4.864496 52.341321,4.86825 52.341499,4.868433 52.339454))";"POLYGON((52.339454 4.868433,52.339296 4.864733,52.341321 4.864496,52.341499 4.86825,52.339454 4.868433))";4.8664695;52.3403905;
127;"KK Ringspoorzone Noord";"Ring West";"R";"Ring West";"R";80;"Gemengde stadsbuurt";"Verdichting";"Nee";"MULTIPOLYGON(((4.840243 52.381995,4.839887 52.382051,4.839927 52.382145,4.839895 52.38272,4.840203 52.382726,4.840243 52.381995)),((4.840072 52.382768,4.840016 52.382768,4.840012 52.382865,4.840068 52.382865,4.840072 52.382768)))";"MULTIPOLYGON(((52.381995 4.840243,52.382051 4.839887,52.382145 4.839927,52.38272 4.839895,52.382726 4.840203,52.381995 4.840243)),((52.382768 4.840072,52.382768 4.840016,52.382865 4.840012,52.382865 4.840068,52.382768 4.840072)))";4.84007;52.382423;
128;"Mercatorpark Oost";"Ring West";"R";"Ring West";"R";250;"Gemengde stadsbuurt";"Verdichting";"Nee";"POLYGON((4.84795 52.369996,4.847277 52.369871,4.846185 52.369731,4.845288 52.369686,4.845317 52.370362,4.845966 52.370334,4.846789 52.370509,4.847038 52.370697,4.84721 52.371296,4.847424 52.371337,4.84795 52.369996))";"POLYGON((52.369996 4.84795,52.369871 4.847277,52.369731 4.846185,52.369686 4.845288,52.370362 4.845317,52.370334 4.845966,52.370509 4.846789,52.370697 4.847038,52.371296 4.84721,52.371337 4.847424,52.369996 4.84795))";4.846624;52.3705045;
129;"Marineterrein";"IJ-oevers";"I";"IJ-oevers 3 - Oostelijke Binnenstad";"I3";1400;"Gemengde stadsbuurt";"Transformatie";"Nee";"POLYGON((4.920902 52.374383,4.917259 52.372086,4.915733 52.371584,4.914962 52.37247,4.915396 52.372652,4.915539 52.372564,4.916614 52.373157,4.915901 52.373581,4.914406 52.373212,4.913268 52.37496,4.91452 52.375835,4.920213 52.374973,4.920028 52.374506,4.920902 52.374383))";"POLYGON((52.374383 4.920902,52.372086 4.917259,52.371584 4.915733,52.37247 4.914962,52.372652 4.915396,52.372564 4.915539,52.373157 4.916614,52.373581 4.915901,52.373212 4.914406,52.37496 4.913268,52.375835 4.91452,52.374973 4.920213,52.374506 4.920028,52.374383 4.920902))";4.91709;52.3737025;
135;"Verdi / Infinity";"Overig";"O";"Overig";"O";70;"Gemengde stadsbuurt";"Verdichting";"Nee";"POLYGON((4.856207 52.337095,4.854452 52.337003,4.854211 52.337041,4.854184 52.337073,4.854173 52.337153,4.854184 52.337186,4.854307 52.337211,4.854328 52.337235,4.854418 52.33725,4.856172 52.337343,4.856207 52.337095))";"POLYGON((52.337095 4.856207,52.337003 4.854452,52.337041 4.854211,52.337073 4.854184,52.337153 4.854173,52.337186 4.854184,52.337211 4.854307,52.337235 4.854328,52.33725 4.854418,52.337343 4.856172,52.337095 4.856207))";4.855195;52.337166;
139;"Amsteloever Amstelborgh";"Overig";"O";"Overig";"O";208;"Gemengde stadsbuurt";"Transformatie";"Nee";"POLYGON((4.913988 52.348055,4.913585 52.347979,4.9136 52.347985,4.91351 52.34813,4.913527 52.348135,4.913486 52.348214,4.913448 52.348217,4.913476 52.348233,4.913467 52.348252,4.913572 52.348273,4.913563 52.34829,4.913789 52.348397,4.913988 52.348055))";"POLYGON((52.348055 4.913988,52.347979 4.913585,52.347985 4.9136,52.34813 4.91351,52.348135 4.913527,52.348214 4.913486,52.348217 4.913448,52.348233 4.913476,52.348252 4.913467,52.348273 4.913572,52.34829 4.913563,52.348397 4.913789,52.348055 4.913988))";4.913723;52.348181;
145;"Amsteloever Van der Kun";"Overig";"O";"Overig";"O";600;"Gemengde stadsbuurt";"Verdichting";"Nee";"POLYGON((4.916532 52.346513,4.914847 52.346189,4.914227 52.34736,4.915032 52.34749,4.915911 52.347604,4.916532 52.346513))";"POLYGON((52.346513 4.916532,52.346189 4.914847,52.34736 4.914227,52.34749 4.915032,52.347604 4.915911,52.346513 4.916532))";4.9153845;52.3468895;
147;"Van Hasseltzone";"IJ-oevers";"I";"IJ-oevers 2 - Noordelijke IJ-oevers oost";"I2";500;"Gemengde stadsbuurt";"Verdichting";"Nee";"POLYGON((4.920156 52.388857,4.918633 52.388177,4.917434 52.387609,4.917412 52.387621,4.915017 52.386544,4.914704 52.386353,4.914198 52.386671,4.915566 52.387427,4.916243 52.387855,4.916171 52.387894,4.918077 52.389202,4.918296 52.38942,4.919673 52.388842,4.919803 52.388911,4.920028 52.388888,4.920156 52.388857))";"POLYGON((52.388857 4.920156,52.388177 4.918633,52.387609 4.917434,52.387621 4.917412,52.386544 4.915017,52.386353 4.914704,52.386671 4.914198,52.387427 4.915566,52.387855 4.916243,52.387894 4.916171,52.389202 4.918077,52.38942 4.918296,52.388842 4.919673,52.388911 4.919803,52.388888 4.920028,52.388857 4.920156))";4.917182;52.3878795;
152;"Jan Evertsen-W GVB";"Ring West";"R";"Ring West";"R";900;"Gemengde stadsbuurt";"Verdichting";"Nee";"POLYGON((4.8354140 52.3702960,4.8372066 52.3700381,4.8378098 52.3715519,4.8361210 52.3718310,4.8354140 52.3702960))";"POLYGON((52.3702960 4.8354140,52.3700381 4.8372066,52.3715519 4.8378098,52.3718310 4.8361210,52.3702960 4.8354140))";4.8366169;52.37092755;
153;"Jan Evertsen-W OLVG";"Ring West";"R";"Ring West";"R";795;"Gemengde stadsbuurt";"Verdichting";"Nee";"POLYGON((4.8413680 52.3696850,4.8413070 52.3718150,4.8405410 52.3719480,4.8398590 52.3703400,4.8396450 52.3696980,4.8405920 52.3696330,4.8413680 52.3696850))";"POLYGON((52.3696850 4.8413680,52.3718150 4.8413070,52.3719480 4.8405410,52.3703400 4.8398590,52.3696980 4.8396450,52.3696330 4.8405920,52.3696850 4.8413680))";4.8405115;52.3707835;
156;"Klaprozenweg Noordoost";"IJ-oevers";"I";"IJ-oevers 1 - Noordelijke IJ-oevers west";"I1";2100;"Gemengde stadsbuurt";"Transformatie";"Deels";"MULTIPOLYGON(((4.9100250 52.3981740,4.9125510 52.3942890,4.9128600 52.3943810,4.9128150 52.3959270,4.9124300 52.3967810,4.9121950 52.3972320,4.9107760 52.3983620)),((4.9096030 52.3995670,4.9101120 52.3997160,4.9107360 52.3992420,4.9112460 52.3993260,4.9112430 52.3996710,4.9130920 52.4000250,4.9129260 52.4006980,4.9110470 52.4003950,4.9101270 52.4004050,4.9095830 52.4004480)))";"MULTIPOLYGON(((52.3981740 4.9100250,52.3942890 4.9125510,52.3943810 4.9128600,52.3959270 4.9128150,52.3967810 4.9124300,52.3972320 4.9121950,52.3983620 4.9107760)),((52.3995670 4.9096030,52.3997160 4.9101120,52.3992420 4.9107360,52.3993260 4.9112460,52.3996710 4.9112430,52.4000250 4.9130920,52.4006980 4.9129260,52.4003950 4.9110470,52.4004050 4.9101270,52.4004480 4.9095830)))";4.9113425;52.3974865;
158;"Baaibuurten west";"Zeeburg-IJburg";"Z";"Zeeburg-IJburg 1 - Zeeburgereiland";"Z1";900;"Gemengde stadsbuurt";"Transformatie";"Deels";"POLYGON((4.9622330 52.3717670,4.9574030 52.3728800,4.9570600 52.3727370,4.9581430 52.3684850,4.9621860 52.3685660,4.9622330 52.3717670))";"POLYGON((52.3717670 4.9622330,52.3728800 4.9574030,52.3727370 4.9570600,52.3684850 4.9581430,52.3685660 4.9621860,52.3717670 4.9622330))";4.9596515;52.3706755;
159;"Hempoint";"Haven-Stad";"H";"Haven-Stad 2 - Hemknoop";"H2";3825;"Gemengde stadsbuurt";"Transformatie";"Deels";"POLYGON((4.8614432 52.3956536,4.8649138 52.3974638,4.8685135 52.3990643,4.8684780 52.3990398,4.8685068 52.3990543,4.8685183 52.3990604,4.8709332 52.3963497,4.8696372 52.3957077,4.8684213 52.3951025,4.8671250 52.3944612,4.8661389 52.3939835,4.8661291 52.3939968,4.8661274 52.3939927,4.8657288 52.3937989,4.8647169 52.3942360,4.8636997 52.3946469,4.8629506 52.3949793,4.8627307 52.3950710))";"POLYGON((52.3956536 4.8614432,52.3974638 4.8649138,52.3990643 4.8685135,52.3990398 4.8684780,52.3990543 4.8685068,52.3990604 4.8685183,52.3963497 4.8709332,52.3957077 4.8696372,52.3951025 4.8684213,52.3944612 4.8671250,52.3939835 4.8661389,52.3939968 4.8661291,52.3939927 4.8661274,52.3937989 4.8657288,52.3942360 4.8647169,52.3946469 4.8636997,52.3949793 4.8629506,52.3950710 4.8627307))";4.8661932;52.3964246;
160;"Baaibuurten Oost";"Zeeburg-IJburg";"Z";"Zeeburg-IJburg 1 - Zeeburgereiland";"Z1";700;"Gemengde stadsbuurt";"Transformatie";"Deels";"POLYGON((4.9627103 52.3717869,4.9692120 52.3686820,4.9625815 52.3685902))";"POLYGON((52.3717869 4.9627103,52.3686820 4.9692120,52.3685902 4.9625815))";4.96590175;52.37018155;
162;"Minervahaven Zuid";"Haven-Stad";"H";"Haven-Stad 3 - Alfadriehoek-Minervahaven noord";"H3";4000;"Gemengde stadsbuurt";"Transformatie";"Nee";"POLYGON((4.8674570 52.3934953,4.8661481 52.3939667,4.8709332 52.3963497,4.8699246 52.3974496,4.8738503 52.3975979,4.8777331 52.3983223,4.8787867 52.3959438,4.8762761 52.3945952,4.8712443 52.3953023))";"POLYGON((52.3934953 4.8674570,52.3939667 4.8661481,52.3963497 4.8709332,52.3974496 4.8699246,52.3975979 4.8738503,52.3983223 4.8777331,52.3959438 4.8787867,52.3945952 4.8762761,52.3953023 4.8712443))";4.8724724;52.3959018;

